Original,Changes,,,,,,,,,,,,,,,,,,,,,,,
Game Overview,k,,,,,,,,,,,,,,,,,,,,,,,
After registration you start on a tiny planet in one of the many star systems in the galaxy.,k,,,,,,,,,,,,,,,,,,,,,,,
"You begin by building up your planet, then you can colonize uninhabited planets expanding your empire.",k,,,,,,,,,,,,,,,,,,,,,,,
"Once you think your fleet is strong enough, you can engage in battles with other players and take over their planets!",k,,,,,,,,,,,,,,,,,,,,,,,
You'll need to plan carefully and use diplomacy to help you in order to succeed in this competition with thousands of players from all over the world!,k,,,,,,,,,,,,,,,,,,,,,,,
Game Objective,k,,,,,,,,,,,,,,,,,,,,,,,
"Expansion of your own space empire and/or the supremacy of your own alliance by means of war, diplomacy and planet development.",k,,,,,,,,,,,,,,,,,,,,,,,
"As you colonize further planets, your total points will increase and your level of development and ranking will improve.",k,,,,,,,,,,,,,,,,,,,,,,,
"The winner is the first player to reach or exceed 500 points for a total of seven days, or the first alliance to reach or exceed 360 points for a total of three days. See Countdown for more details.",400 over 5 days and 300 over 3 days,,,,,,,,,,,,,,,,,,,,,,,
System Requirements,k,,,,,,,,,,,,,,,,,,,,,,,
"Astro Wars runs in real-time and is web-based, so you can play from anywhere with no installation, as long as you have a web browser and an internet connection.",k,,,,,,,,,,,,,,,,,,,,,,,
The game also has a WAP interface. Rounds can last for up to three months.,"no WAP. 3-4 months probably, no idea",,,,,,,,,,,,,,,,,,,,,,,
Astro Wars Intro,k,,,,,,,,,,,,,,,,,,,,,,,
Mission Statement,k,,,,,,,,,,,,,,,,,,,,,,,
Astro Wars wants to achieve:,k,,,,,,,,,,,,,,,,,,,,,,,
fair play.,k,,,,,,,,,,,,,,,,,,,,,,,
communication between players.,k,,,,,,,,,,,,,,,,,,,,,,,
social interaction between players.,k,,,,,,,,,,,,,,,,,,,,,,,
epic battles in the end.,k,,,,,,,,,,,,,,,,,,,,,,,
a game requiring strategic and diplomatic skills to win.,k,,,,,,,,,,,,,,,,,,,,,,,
easy to learn and interesting in the long run.,k,,,,,,,,,,,,,,,,,,,,,,,
Astro Wars does not want to achieve:,k,,,,,,,,,,,,,,,,,,,,,,,
multis and cheaters.,k,,,,,,,,,,,,,,,,,,,,,,,
no communication.,k,,,,,,,,,,,,,,,,,,,,,,,
a big single player game where the only interaction is to compare points.,k,,,,,,,,,,,,,,,,,,,,,,,
all about the first player/alliance to win.,k,,,,,,,,,,,,,,,,,,,,,,,
a game where a single player with perfect build up skills can win with no contacts.,k,,,,,,,,,,,,,,,,,,,,,,,
difficult to learn and becomes boring.,k,,,,,,,,,,,,,,,,,,,,,,,
Game Objective,k,,,,,,,,,,,,,,,,,,,,,,,
"Expansion of your own space empire and/or the supremacy of your own alliance by means of war, diplomacy and planet development. As you colonise further planets, so your total points will increase and your level of development and ranking will improve. The winner is the first player to reach or exceed 500 points for a total of seven days, or the first alliance to reach or exceed 360 points for a total of three days. See Countdown for more details.","400 over 5 days and 250 over 3 days
",,,,,,,,,,,,,,,,,,,,,,,
Glossary,k,,,,,,,,,,,,,,,,,,,,,,,
Alliance,k,,,,,,,,,,,,,,,,,,,,,,,
"If you have at least Player Level 1, fewer than 200 Points and A$ 8000 to spare you can create an alliance. To do this click the Alliance tab next to the Trade Screen tab and enter your chosen alliance tag, up to four characters in length.","dont know about points, but price is 1000",,,,,,,,,,,,,,,,,,,,,,,
"As an alliance creator you are then responsible for inviting players into your alliance. Sending and receiving an invitation costs nothing, but to accept an invitation a player must also have at least Player Level 1 and a maximum of 200 points.",is 200 points still here? need to ask GP,,,,,,,,,,,,,,,,,,,,,,,
"If you are invited to join an alliance, an alert will appear in your News Screen, telling you who invited you and the alliance name. This includes a link which takes you to a list of current members with their profile details and locations. This list also gives the URL of their forum, if they have one. Note: you must click on the link at the bottom of the list to confirm your membership. If you leave the page without doing this, you will not become a member.",maybe add that you have 48 hours to accept or it will be declined automatically,,,,,,,,,,,,,,,,,,,,,,,
"As a member of an alliance one benefit you receive, is that it is possible for your alliance to win the game (see below for more). In order for an alliance to win the game it must have a minimum of 5 members and an average alliance score equal to or greater than 470 points which is maintained for a period of 3 days.",250 points,,,,,,,,,,,,,,,,,,,,,,,
"The alliance score is calculated by taking the average score of the members, however if there are 10 or more players, the lowest scoring member is not included in the total used to calculate the alliance's overall score; and if it has 15 or more players, the two lowest scoring members are not included in the total used to calculate the alliance's overall score.","Alliance Ranking & Points

The Alliance Points represent the average score of the top members within the alliance — not everyone counts equally.

    All players in the alliance are sorted by their ranking points (from highest to lowest).
    The game decides how many players should count for the alliance score. It uses this rule:
    - CountingMembers = totalPlayers - (totalPlayers / 4)
    - But at least 3 players always count, even in small alliances.
    The points of those top players are added together and divided by the number of counted players to get the final alliance score.

Formula:
Alliance Points = (Sum of Top Counting Members) ÷ Counting Members (rounded down)

Example:
An alliance has 8 members with the following points:
116, 111, 92, 85, 80, 52, 46, 40

Top 6 counting players → 116 + 111 + 92 + 85 + 80 + 52 = 536
Average → 536 ÷ 6 = 89,3
Rounded down → 89 Alliance Points
",,,,,,,,,,,,,,,,,,,,,,,
"If you wish to be part of an alliance, there are three ways to let others know you are interested:",k,,,,,,,,,,,,,,,,,,,,,,,
"look around your map and contact the other players you see, asking if they wish to create one with you;",k,,,,,,,,,,,,,,,,,,,,,,,
check the recruitment topics of existing alliances in the AstroWars Forums and apply directly to them;,discord?,,,,,,,,,,,,,,,,,,,,,,,
post a request with your system coordinates in the Looking for an Alliance/Trade agreement forum topic.,discord?,,,,,,,,,,,,,,,,,,,,,,,
Notes,,,,,,,,,,,,,,,,,,,,,,,,
"Once a player has founded an alliance he has first right to use the alliance tag in the next round, he also will not need to pay the founder's fee again. He may alternatively nominate a new founder to take his place as long as they are an alliance member. The founder will display the reserved tag from the beginning of the round, but he will not have any benefits of the alliance or the use of the alliance screen until he has achieved Player Level 1. To remove this tag and join a different alliance, he must either disband the one he created, or nominate a new founder then resign the game and restart.",k,,,,,,,,,,,,,,,,,,,,,,,
"If you launch a fleet to an alliance member's planet you get 50% speed bonus, as if you had launched to your own planet. You can also access the Alliance Screen where you can see details about other members, such as planets owned (system ID and planet ID, with their order) and their infrastructure, production/science/culture per hour, incoming fleet alerts, idle times, race, fleet locations (with arrival time if launched), trade revenue and partners, science and culture levels.",k,,,,,,,,,,,,,,,,,,,,,,,
Trade Agreement,,,,,,,,,,,,,,,,,,,,,,,,
A Trade Agreement (TA) can be made between two Players. For twenty thousand Astro Dollars you can send or accept an offer of a Trade Agreement to or with another player. Every Player may have a maximum of 5 Trade Agreements with different partners. The Update for Trade Agreements occurs only once each day.,k,,,,,,,,,,,,,,,,,,,,,,,
"If the other player accepts (costing him/her 20000 Astro Dollars as well, except for the Trader Race). Then you will get an income bonus (Production Points (PP), Science (SP), Culture/hour, Growth/hour). You will receive 1% for each planet your trade partners own which have a population equal to or greater than 10.",k,,,,,,,,,,,,,,,,,,,,,,,
"Example: you have two trade partners. Partner A has five planets with populations of 15, 14, 5, 5, 3 and partner B has four planets with populations of 11, 10, 10, 2. You will receive 2% from partner A and 3% from partner B, so your total Trade Revenue will be equal to 5%.",k,,,,,,,,,,,,,,,,,,,,,,,
Trade Agreement Screen,,,,,,,,,,,,,,,,,,,,,,,,
"The total bonus received from Trade Agreements will be shown in the Trade Screen, listed as Trade Revenue, and changes in accordance with your partners' population levels increasing (or decreasing due to resignation/loss of planet).",k,,,,,,,,,,,,,,,,,,,,,,,
There are three levels of status for a Trade Agreement:,k,,,,,,,,,,,,,,,,,,,,,,,
"1. request is pending = the player has made an offer, but the player he offered it to has not yet accepted it;",k,,,,,,,,,,,,,,,,,,,,,,,
2. establishing trade infrastructure = the offer was accepted and will be activated at the next Daily Update;,k,,,,,,,,,,,,,,,,,,,,,,,
3. active trading = the agreement is activated and the player receives the bonus next to that partner's name.,k,,,,,,,,,,,,,,,,,,,,,,,
"Note: The player only receives bonuses from 'active trading' agreements, but the number of agreement slots used out of the limit of five includes all accepted offers, which means those marked 'establishing trade infrastructure' as well as those which are 'active trading'.",k,,,,,,,,,,,,,,,,,,,,,,,
"Example: In the above image, 'active trading' shows the player earns 18% from Oin; 'establishing trade infrastructure' indicates the offer received from crogy has been accepted by the player and will become active at the next Daily Update; 'request is pending' indicates the player offered a Trade Agreement to Brittany who has not yet accepted it. The number of agreement slots used is 2/5 - Oin and crogy, because one is active and one is accepted and waiting to become active.",k,,,,,,,,,,,,,,,,,,,,,,,
Trade Revenue,k,,,,,,,,,,,,,,,,,,,,,,,
"The Trade Revenue is the bonus you get in Growth, Production, Science and Culture per hour. You get bonus for Trade Agreements and the Economy science.",k,,,,,,,,,,,,,,,,,,,,,,,
Notes,,,,,,,,,,,,,,,,,,,,,,,,
You are not able to cancel a Trade Agreement once you accepted the offer or your offer was accepted.,k,,,,,,,,,,,,,,,,,,,,,,,
"If your offer is declined, the agreement is cancelled and your money will be returned almost immediately.",k,,,,,,,,,,,,,,,,,,,,,,,
"If your offer is not responded to within after 48 hours, it is cancelled and your money is returned.",k,,,,,,,,,,,,,,,,,,,,,,,
"Upon mutual acceptance of a Trade Agreement you will not receive the bonuses until after the next Daily Update at 03:00 GMT (02:00 GMT during daylight saving). Until this time, the status will show as 'establishing trade infrastructure'.","00:00 update for TA, and TR% updates every 5 minutes",,,,,,,,,,,,,,,,,,,,,,,
"If one of your Trade Agreement partners resigns, they will disappear from your list and you will no longer receive the bonus they provided. You may then offer that agreement slot to another player upon payment of another fee. No refund is given if a player resigns.","dont know if it dissapears. but we had a player who had no planets for 30+ days and he never got resigned, so no slot open",,,,,,,,,,,,,,,,,,,,,,,
Production Points,,,,,,,,,,,,,,,,,,,,,,,,
"Production Points (PP) are needed to build fleet and enhance the buildings on your planets. Each planet receives 1PP/hour for each level of Robotic Factory built on it, and all planets gain 1PP/hour for each level of Population. Production Points earned are calculated on a decimal basis.",k,,,,,,,,,,,,,,,,,,,,,,,
"When all your planets attain a combined total greater than 150 PP, you have the option to ""Spend All Points"". You can use this to sell all your PP for Astro Dollars (even from sieged planets, although only 70% of the PP from a sieged planet goes to you, with the remaining 30% being lost). Alternatively you can choose to spend them all on a war ship or Starbase.",this needs PL1 too I think,,,,,,,,,,,,,,,,,,,,,,,
"Using Spend All will not gather up all of your PP then let you choose one planet to spend them on. This option spends the PP at each planet in turn on the option you selected, according to the amount of PP found there. So this is not a way to move production points between planets (you should use Colony Ships for that), it is a way of buying the same item on each of your planets in a single transaction.",k,,,,,,,,,,,,,,,,,,,,,,,
"Example: if you have 60 PP on Planet 1; 25 on Planet 2; 65 on Planet 3 you would have enough cumulative points for exactly 5 Destroyers (assuming a cost of 30 PP each). However you will actually get 2 Destroyers on Planet 1, 83% of a Destroyer on Planet 2, and 2 Destroyers plus 66% of another one on Planet 3, giving you an actual total of 4 complete Destroyers, and some points towards others on two of the three planets.",k,,,,,,,,,,,,,,,,,,,,,,,
"To sell all of your PP for Astro Dollars you must choose the ""Interstellar Trade"" option on the Spend All screen. The effect of selling PP is immediate, you do not need to wait until the Daily Update to earn and use the money.","this seems wrong, Spend all is on Planets page",,,,,,,,,,,,,,,,,,,,,,,
Notes,,,,,,,,,,,,,,,,,,,,,,,,
"Production output can also be increased through Race bonus, the use of Artifacts and bonus from Trade Agreements.",k,,,,,,,,,,,,,,,,,,,,,,,
"When you use Spend All to spend your PP on war ships or starbases, they will not be built on any sieged planets.","cant confirm, but probably no bugs here so k",,,,,,,,,,,,,,,,,,,,,,,
Astro Dollar,,,,,,,,,,,,,,,,,,,,,,,,
"Astro Dollars are the Universal Currency in Astrowars. Astro Dollars can be attained through Trade by selling Production Points (PP) or Artifacts or Supply Units (SU). Astro Dollars can also be gained if you attack and destroy a defending fleet at an unknown Planet, but the random chance to find some money there is low.",you cant find money on unknown planets,,,,,,,,,,,,,,,,,,,,,,,
"Astro Dollars are needed in Astrowars to purchase such items as Artifacts, Supply Units, and Production Points. Astro Dollars are also required to initially set up a registered Alliance, and to contract Trade Agreements with other players.",k,,,,,,,,,,,,,,,,,,,,,,,
Notes,,,,,,,,,,,,,,,,,,,,,,,,
"Astro Dollars, as with any currency, will fluctuate in value by a small amount. This can be seen in the Trade Screen which shows current as well as past values so possible patterns may be analysed. The values are updated at each Daily Update.",The values are updated at each Daily Update.,,,,,,,,,,,,,,,,,,,,,,,
Supply Units,,,,,,,,,,,,,,,,,,,,,,,,
"For each new Player Level you reach, you will earn a supply unit. Your maximum supply unit capacity is also equal to your current Player Level.",k,,,,,,,,,,,,,,,,,,,,,,,
Spending Supply Units,,,,,,,,,,,,,,,,,,,,,,,,
"To spend supply units on buildings, just click on the appropriate button on the lower part of the Spend Points Menu in your Planets Screen. This lower part only shows when you actually own supply units, and will also show any partial refund you may receive for buying certain buildings.",k,,,,,,,,,,,,,,,,,,,,,,,
Supply Unit strategy,,,,,,,,,,,,,,,,,,,,,,,,
"Most players spend their supply units on Robotic Factories or Galactic Cybernets to directly increase their production or culture, for a faster development.",k,,,,,,,,,,,,,,,,,,,,,,,
"Spending supply units on Hydroponic Farms on all of your planets can dramatically increase your population (providing you have a sufficient Social science level), and your score by the same amount. It can be up to two times cheaper than using them on Robotic Factories. You can also spend them all on a single planet to make it your new capital (since planets are sorted by population).",k,,,,,,,,,,,,,,,,,,,,,,,
"Spending supply units on Research Labs is the most cost-effective short term choice, especially if you started with a level 12 Research Lab. It can be handy when the supply unit's price is too unstable, or if you just need to boost your science.",k,,,,,,,,,,,,,,,,,,,,,,,
"If you notice a significant change in the supply unit price's variation amplitude (or for anything else you can buy or sell!), you can try ""playing the market"". This is how to do it:",k,,,,,,,,,,,,,,,,,,,,,,,
Buy when the price is low,k,,,,,,,,,,,,,,,,,,,,,,,
Sell when the price is high,k,,,,,,,,,,,,,,,,,,,,,,,
"In the late stages of each round, the supply unit's price tends to witness some kind of ""resonance"" and keeps going up and down. It is due to naïve players who think they can earn money using this method, causing big changes in demand or supply, and therefore the price.",k,,,,,,,,,,,,,,,,,,,,,,,
Notes,k,,,,,,,,,,,,,,,,,,,,,,,
Supply Units can be spent on any building except Starbases to increase its level.,k,,,,,,,,,,,,,,,,,,,,,,,
You can also buy additional supply units from the Trade menu.,k,,,,,,,,,,,,,,,,,,,,,,,
You can also sell supply units for Astro Dollars from the Trade Screen.,k,,,,,,,,,,,,,,,,,,,,,,,
Planets,,,,,,,,,,,,,,,,,,,,,,,,
"Planets are the basis for development and battle in Astro Wars. Each member of the game is spawned on a single planet, named after the Star System it's located in, called the Planet ID. Some planets are created without an owner (Free) and many are controlled by Unknown. Players control their planets from the Planets Screen, managing the various buildings. The number of possible owned planets directly relates to the player's Culture level.",k,,,,,,,,,,,,,,,,,,,,,,,
Unknown Owner,,,,,,,,,,,,,,,,,,,,,,,,
"If you see a planet to be owned by Unknown, this just means that its former owner has resigned. The unknown player has a neutral race and an overall science level of zero (thus giving you a fighting bonus). If a player becomes unknown, remaining fleet on his planets does not disappear. However, any fleet in transit disappears. This applies to Transports and Colony Ships as well, though they pose no threat to attacking fleets.","there can also be game greated Uknowns, those have SB2 and have no PP on them.",,,,,,,,,,,,,,,,,,,,,,,
"Unknown planets do not continue to generate Production Points after abandonment, but you do get is 10% of the Production Points from the former owner, up to a maximum of 500pp. Therefore, unknown planets are often preferred targets for colonization as opposed to Free Planets, since they offer players extra PPs and existing buildings.","75% of PP, up to max 750PP",,,,,,,,,,,,,,,,,,,,,,,
"Some say that artifacts might be found on the unknown planets. However, this does not happen very often.","not true, remove this",,,,,,,,,,,,,,,,,,,,,,,
Colonizing A Free Planet,,,,,,,,,,,,,,,,,,,,,,,,
"You can colonize unowned planets (Free) with a Colony Ship if your Culture level is higher than your total number of planets. Firstly, you will need to build a Colony Ship by spending production points on any one of your planets. After that, you can launch it via the Fleet Screen towards the selected target.",k,,,,,,,,,,,,,,,,,,,,,,,
"Generally, it is wise to send an escort with the Colony Ship, to ensure its safety. If the planet is under siege by another player at the time of arrival (marked red in the Star System Detail Screen), you will need an escorting war fleet strong enough to defeat the sieging ships in battle, or your ships will be destroyed.",k,,,,,,,,,,,,,,,,,,,,,,,
Conquering an Owned or Unknown Planet,,,,,,,,,,,,,,,,,,,,,,,,
"In order to expand your empire, you will inevitably have to Conquer someone else's planet at some point. Whilst taking some Building Damage, the buildings are at least partially saved. You will find 10% of the production points that were on the planet before you colonized it, up to a maximum of 500 Production Points. To conquer a planet, you must have a Fleet capable of destroying any Starbase and/or Defending Fleet the player might have there, plus Transports at least equal in quantity to the Population (1 Transport can destroy 1 Population). When the Population reaches 0, control of the planet is turned over to the attacker (assuming the attacker has a high enough level of Culture to sustain another planet).","75% of PP, up to max 750PP",,,,,,,,,,,,,,,,,,,,,,,
"Example: if a Planet has a Population of 6, defended by 2 Destroyers and a Starbase level 4, an attacker would need at least 6 Transports, and a fleet worth 45 CV (in any combination of Destroyers, Cruisers and Battleships) to win.",k,,,,,,,,,,,,,,,,,,,,,,,
Notes,,,,,,,,,,,,,,,,,,,,,,,,
"If your culture level increases after your fleet arrives, you will need to re-launch the transports so they arrive again. To avoid this, use the Arrival Time Calculator to help schedule your arrival for a little later than your increase in culture, so you have sufficient time to log in.","k, but you dont need to login to update culture anymore",,,,,,,,,,,,,,,,,,,,,,,
The attacking fleet must include the number of transports at least equal to the level of population on the planet. It is usually better to send extra transports in case the population increases after the fleet is launched.,k,,,,,,,,,,,,,,,,,,,,,,,
"If you include colony ships with your fleet, these will disband on arrival to give you 15 PP each, but they will not colonize an owned planet without transports.","colony ships disband only when you tick a checkmark, same for colonisation",,,,,,,,,,,,,,,,,,,,,,,
"Unowned planets are labelled 'Free Planet' on the Star System Detail Screen. When colonised for the first time, they have no buildings and start with a population level of 1",k,,,,,,,,,,,,,,,,,,,,,,,
"Colony Ships can only be used once, so on each successful colonization you will lose one Colony Ship to take over a free planet. Any other Colony Ships sent with it will be converted into Production Points","colony ships disband only when you tick a checkmark, same for colonisation",,,,,,,,,,,,,,,,,,,,,,,
"To conquer a planet that is already owned by another player, or is marked as 'unknown', you will need Transports instead of Colony Ships. If you try to use Transports to colonize a Free planet, the planet will remain uncolonized, and the ships will remain there.",k,,,,,,,,,,,,,,,,,,,,,,,
"You can send a fleet with Transports to a Free planet without colonising, to use it as a jump point for a sneak attack against an occupied planet. However if you include any colony ships in the fleet, they will colonize the Free planet and disband as soon as you land.","colony ships disband only when you tick a checkmark, same for colonisation",,,,,,,,,,,,,,,,,,,,,,,
ETA Calculator,,,,,,,,,,,,,,,,,,,,,,,,
"This is part of the Fleet Screen and allows you to check the estimated time of arrival (ETA) of a fleet before launching your fleet. The calculator is available to all players, and is very accurate to within one or two seconds. Fleet arrivals are processed by the game server in the strict sequence the launch command is received, so if two fleets have the same arrival time, the one which is launched first will always arrive first.",k,,,,,,,,,,,,,,,,,,,,,,,
"Using this feature will help you to tactically calculate the best time to lunch an attack, to catch your opponent off-guard and minimize his/her reaction or preparation time. Be aware, that even though estimations are quite precise, the fleet will be shown as ""pending"" on arrival for up to one minute until the fleet screen refreshes.",2 minutes pending time,,,,,,,,,,,,,,,,,,,,,,,
Notes,,,,,,,,,,,,,,,,,,,,,,,,
You can only have a maximum of 5 fleets in transit at any given time.,k,,,,,,,,,,,,,,,,,,,,,,,
Battle Calculator,might need adding that ally CV is lower this round,,,,,,,,,,,,,,,,,,,,,,,
"The game has a Battle Calculator feature allowing you to calculate your losses. Simply enter the number of ships for both sides, the Science levels of both you and your opponent and click the ""calculate"" button. If the Science levels are unknown, it is best to enter the players maximum science level - found in their Player Profile - for both Mathematics and Physics.",k,,,,,,,,,,,,,,,,,,,,,,,
"Beside the text boxes you will get the number of ships you should have remaining if you are to win the battle also, the battle calculator displays the probability of victory for each side. The experience gained by the winner is displayed in the loser's 'Combat Value (XP)' field.",k,,,,,,,,,,,,,,,,,,,,,,,
"If there are two values there, the one in brackets applies (meaning the experience gained is reduced to 25% due to the winner having less than two surviving ships).",k,,,,,,,,,,,,,,,,,,,,,,,
Notes,,,,,,,,,,,,,,,,,,,,,,,,
You can only have a maximum of 5 fleets in transit at any given time.,k,,,,,,,,,,,,,,,,,,,,,,,
"If there is a decimal point in the number of ships remaining after the battle, this represents the percentage chance of another surviving. eg: 5.6 means there will be 5 left, and a 60% chance of a 6th surviving.",in this game it always show full survivors,,,,,,,,,,,,,,,,,,,,,,,
Combat Value,,,,,,,,,,,,,,,,,,,,,,,,
Combat value (CV) refers to how well a ship or starbase will fair in a battle.,k,,,,,,,,,,,,,,,,,,,,,,,
Each of the three war ships has a Combat Value based on its attack and defense properties. A Starbase Combat value is based solely on its defense.,k,,,,,,,,,,,,,,,,,,,,,,,
"To calculate the combat Value of each ship, simply add the Attack Value and Defense Value together. To calculate the Combat value of a fleet, combine the combat value of all ships in the Fleet.",k,,,,,,,,,,,,,,,,,,,,,,,
Example,,,,,,,,,,,,,,,,,,,,,,,,
"A Fleet consisting of 10 Destroyers, 2 Cruisers and 10 Battleships would have a combat value of 678:",k,,,,,,,,,,,,,,,,,,,,,,,
Destroyers + Cruisers + Battleships =,k,,,,,,,,,,,,,,,,,,,,,,,
10 * 3 + 2 * 24 + 10 * 60 = 30 + 48 + 600 = 678,k,,,,,,,,,,,,,,,,,,,,,,,
"It is most probable, but not always true, that a fleet with a higher CV than an opposing Fleet, or defensive Starbase will win the Battle, however, there are possibilities that it may not, luck and odds are a factor in every close battle.",k,,,,,,,,,,,,,,,,,,,,,,,
"To properly calculate the possible outcome of a battle, use the Battle Calculator.",k,,,,,,,,,,,,,,,,,,,,,,,
Defense value,,,,,,,,,,,,,,,,,,,,,,,,
"The higher the Defense Value of a ship is, the higher the chance that it will survive a battle.",k,,,,,,,,,,,,,,,,,,,,,,,
"When predicting the outcome of a battle, Defense Value of a fleet should be combined with Attack Value to give the Combat Value (CV). The Starbase's Defense Value should be added to both Attack Value and Defense Value of the defending fleet to provide a relatively reliable prediction of the outcome of the battle (assuming both sides have equal scientific levels of Physics and Mathematics).",k,,,,,,,,,,,,,,,,,,,,,,,
Notes,,,,,,,,,,,,,,,,,,,,,,,,
The owner of the defending planet will always get a warning of the incoming fleet detailing the offensive ships and how many transports are incoming with an ETA (See: Arrival Time Calculator).,k,,,,,,,,,,,,,,,,,,,,,,,
Use the Battle Calculator for a reliable battle outcome prediction.,k,,,,,,,,,,,,,,,,,,,,,,,
Attack Value,,,,,,,,,,,,,,,,,,,,,,,,
"The higher the cumulative Attack Value of a fleet is, the higher is the chance for this fleet of winning a battle.","k, but needs confirmation from GP",,,,,,,,,,,,,,,,,,,,,,,
Both Attack Value and Defense Value should be combined when calculating the outcome of a battle - this gives a fleets Combat Value (CV). A Starbase Defense Value should be added to both Attack Value and Defense Value of the defending fleets CV to provide a relatively reliable prediction of the outcome of the battle (assuming both sides have equal scientific levels of Physics and Mathematics).,"k, but needs confirmation from GP",,,,,,,,,,,,,,,,,,,,,,,
Notes,,,,,,,,,,,,,,,,,,,,,,,,
"The owner of the planet will always get a warning of the incoming fleet detailing the offensive ships and how many transports with an ETA (See: Arrival Time Calculator), so time your attacks carefully!",k,,,,,,,,,,,,,,,,,,,,,,,
For your convenience there exists some Battle Calculator.,k,,,,,,,,,,,,,,,,,,,,,,,
Non Aggression Pact,,,,,,,,,,,,,,,,,,,,,,,,
"A Non Aggression Pact (also known as ""NAP"") is an agreement between players or alliances not to attack each other. Nothing more, nothing less. Should include some termination clause, if you care about your reputation and want to avoid Backstabbing.",k,,,,,,,,,,,,,,,,,,,,,,,
Friendly Fleets,,,,,,,,,,,,,,,,,,,,,,,,
"Friendly fleet is the term used to describe the fleet of an ally or NAP partner. Usually friendly fleets are sent to a planet to use it as a jump point close to an enemy to attack with very little warning, or to defend the planet from attack.",k,,,,,,,,,,,,,,,,,,,,,,,
"An alliance member will know when his fleet is being sent to a friendly planet, as the launch will be cancelled and an alert will appear in the Fleet Screen, warning that a Non Aggression Pact has been detected.",k,,,,,,,,,,,,,,,,,,,,,,,
Friendly Attack,,,,,,,,,,,,,,,,,,,,,,,,
Friendly Attack (FA) or Friendly Fire (FF) is a tactic used to boost Player Levels and earn Supply Units early in the game.,k,,,,,,,,,,,,,,,,,,,,,,,
Friendly Siege,,,,,,,,,,,,,,,,,,,,,,,,
"This is when a player sieges an ally's planet allowing them to control where the sieged player's production points will go when buying production points, as they are always allocated to the first unsieged planet listed in the Planets Screen.",k,,,,,,,,,,,,,,,,,,,,,,,
"This allows the sieged player to quickly develop weak planets far down the list, or to build urgently needed forces ready for either rapid defence on that planet (probably starbases), or to go to a planet which is closer to here for purposes of rapid defence or attack.","k, but need to add that you loose 5% per sieged planet",,,,,,,,,,,,,,,,,,,,,,,
Notes,,,,,,,,,,,,,,,,,,,,,,,,
"While the use of friendly fleets cannot be prevented, it is forbidden to use them too often for the wrong reasons.",? what is this?,,,,,,,,,,,,,,,,,,,,,,,
"Friendly fire should only be used to gain the first two player levels, after which a player should gain further levels from battle.","k, but doesnt work this way",,,,,,,,,,,,,,,,,,,,,,,
Friendly siege should only be used for defending an ally's planet when it is under attack and he is unable to defend himself.,k,,,,,,,,,,,,,,,,,,,,,,,
"Friendly fleets should never include transports to colonise the planet, as this is Planet Gifting which is considered cheating.",? probably not considered anymore,,,,,,,,,,,,,,,,,,,,,,,
"Never, ever consider to have a Non Aggression Pact with someone, just because that person is some civilized person and communicates in some friendly tone with you.",?,,,,,,,,,,,,,,,,,,,,,,,
A NAP does not make you 100% safe.,k,,,,,,,,,,,,,,,,,,,,,,,
"A NAP can be terminated with prior warning which leads to a non-backstabbing situation, please read it to know the proper meaning of dishonorably terminating a NAP.",k,,,,,,,,,,,,,,,,,,,,,,,
Race,,,,,,,,,,,,,,,,,,,,,,,,
After your first login you see the page on the right:,k,,,,,,,,,,,,,,,,,,,,,,,
"The first link will use the default race, the other one gives the option to modify your Race to take bonuses or maluses in your attributes. This will give advantages and disadvantages in certain areas of the game.",k,,,,,,,,,,,,,,,,,,,,,,,
Creating a Race,,,,,,,,,,,,,,,,,,,,,,,,
"When creating a race, a player can choose to change his/her attributes positively or negatively. All players start with an attribute offset equal to zero. Players can decide then to increase one attribute, but must choose another to decrease in order to maintain an offset equal to zero. For example, the ability to study science can be increased by 16%, which will result in an offset of -2, and this offset must then be reduced to zero by choosing a decrease in another attribute, for example Growth by -14%. You can see the percentage changes and the related offsets while setting your own race.",k,,,,,,,,,,,,,,,,,,,,,,,
Race Options,,,,,,,,,,,,,,,,,,,,,,,,
The attributes that can be increased or decreased are:,,,,,,,,,,,,,,,,,,,,,,,,
Growth: how fast your Population will grow,k,,,,,,,,,,,,,,,,,,,,,,,
Science: how fast Research of Science is,k,,,,,,,,,,,,,,,,,,,,,,,
Culture: how soon you can colonize new planets,k,,,,,,,,,,,,,,,,,,,,,,,
Production: affects Production Point output on all planets,k,,,,,,,,,,,,,,,,,,,,,,,
Speed: how fast Fleets travel between Planets and Star Systems,k,,,,,,,,,,,,,,,,,,,,,,,
Attack: affects Attack Value,k,,,,,,,,,,,,,,,,,,,,,,,
Defense: affects Defense Value,k,,,,,,,,,,,,,,,,,,,,,,,
"Player Level growth also depends on Race. Each level above the default (+0) setting for Speed, Attack and Defense will give 0.1% increase per day.",k,,,,,,,,,,,,,,,,,,,,,,,
Players also have the option to choose a:,,,,,,,,,,,,,,,,,,,,,,,,
Trader Race: Ability to accept Trade Agreements for free;,k,,,,,,,,,,,,,,,,,,,,,,,
Research Lab 12 for their first planet.,k,,,,,,,,,,,,,,,,,,,,,,,
Notes,,,,,,,,,,,,,,,,,,,,,,,,
"Whichever choices are made, the offset value must always be equal to zero. This means that any increases in one or more attributes must be balanced by decreases in others to the same cumulative value.",k,,,,,,,,,,,,,,,,,,,,,,,
"The default race (no race) gives 0% bonus in Growth, Production, Science, Speed, Attack, Defense and the subsequent default Player Level increases spontaneously by 1.2% per day at the Daily Update.",k,,,,,,,,,,,,,,,,,,,,,,,
General Info,,,,,,,,,,,,,,,,,,,,,,,,
Help! I'm lost?,,,,,,,,,,,,,,,,,,,,,,,,
"So you want to play AstroWars? This guide is an introduction to the basics of the game, to help you survive the first days and understand how things work. You will see many words in gold, these are links to other pages offering more detail about that topic.",k,,,,,,,,,,,,,,,,,,,,,,,
Game Interface,,,,,,,,,,,,,,,,,,,,,,,,
"There are seven main screens in the interface, accessed from tabs located along the top of the page. These also lead to other screens used to perform specific tasks within each activity type. Collectively these make up your Control Panel.",k,,,,,,,,,,,,,,,,,,,,,,,
News screen,,,,,,,,,,,,,,,,,,,,,,,,
"When you log in, this is the first page you see. It shows your news alerts for the last seven days, presented five to each page, covering every activity which affects your game. For details of how this screen works, see the News Screen page.",k,,,,,,,,,,,,,,,,,,,,,,,
Map screen,,,,,,,,,,,,,,,,,,,,,,,,
"This displays all the star systems within your range of travel. Here you can view details of the owner, population and starbase level for all planets in each system shown. For details of how this screen works, see the Map Screen page.",k,,,,,,,,,,,,,,,,,,,,,,,
Planet screen,,,,,,,,,,,,,,,,,,,,,,,,
"This is where you manage your planets, and spend Production Points on buildings and ships. At the start of the game you should first buy Robotic Factory, to generate more production points at a faster rate. For more help, see Planets Screen.",k,,,,,,,,,,,,,,,,,,,,,,,
Science screen,,,,,,,,,,,,,,,,,,,,,,,,
"This screen manages your Research Lab. Research is important as it can give you better ships, more planets etc. You can only research one science at a time, but can change your selection at any time. For more help, see the Science Screen.",k,,,,,,,,,,,,,,,,,,,,,,,
Trade screen,,,,,,,,,,,,,,,,,,,,,,,,
"Once you reach player level 1 you can use this page to buy and sell Artifacts, Supply Units, and Production Points. You can also make Trade Agreements with other players to earn bonuses. For more details, see the main Trade Screen help.",k,,,,,,,,,,,,,,,,,,,,,,,
Alliance screen,,,,,,,,,,,,,,,,,,,,,,,,
"If you gain a certain level of dollars and Player Level 1, this appears in the interface. If you are an alliance member, this shows the development and activity of all your allies. More details on this can be found on the Alliance Screen page.",k,,,,,,,,,,,,,,,,,,,,,,,
Fleet screen,,,,,,,,,,,,,,,,,,,,,,,,
"Here you can control your fleet and launch attacks on other players. The screen shows the quantity and location of each ship type you own, and lists all your launched fleets with their arrival times. For more details, see the Fleet Screen page.",k,,,,,,,,,,,,,,,,,,,,,,,
Basic Activities,,,,,,,,,,,,,,,,,,,,,,,,
Planets,,,,,,,,,,,,,,,,,,,,,,,,
"You start the game with a planet. Each hour you can gain points which accumulate over time to increase your Production, Population, Science and Culture. To earn more points each hour you can build four types of Buildings: Hydroponic Farm, Robotic Factory, Galactic Cybernet and Research Lab. Each one helps you improve a different area of your development.",k,,,,,,,,,,,,,,,,,,,,,,,
Sciences,,,,,,,,,,,,,,,,,,,,,,,,
"As you increase your planet's buildings and production, you will also want to increase your science. Sciences are used to develop stronger fleets and defenses, see more of the map, and increase your Culture so you can colonize more planets.",k,,,,,,,,,,,,,,,,,,,,,,,
Map,,,,,,,,,,,,,,,,,,,,,,,,
If you click on Map and after that on the Star in the middle you can see your direct neighbors who share your Starsystem with you. By clicking on their names you can see details about them and how to contact them.,k,,,,,,,,,,,,,,,,,,,,,,,
Sending fleets,,,,,,,,,,,,,,,,,,,,,,,,
"As well as increasing your buildings, you can use your production points to buy ships to attack other players. Each war ship type has a different level of weapons and armor, but at the beginning you can only use Destroyers.",k,,,,,,,,,,,,,,,,,,,,,,,
Daily updates,,,,,,,,,,,,,,,,,,,,,,,,
"Various updates are applied to the game and your development each day. Updates to production points and new levels of development occur every fifteen minutes; scheduled game updates take place at 11:00 GMT, 23:00 GMT and 03:00 GMT.",every 5 minutes. different updates are at 24 12 6 hours,,,,,,,,,,,,,,,,,,,,,,,
"Note: during Daylight Saving Time, all scheduled updates occur one hour earlier than stated above. In this game, Daylight Saving Time begins on the last Sunday in March at 01:00 GMT and ends on the last Sunday in October at 02:00 GMT.",?,,,,,,,,,,,,,,,,,,,,,,,
Advanced Help,,,,,,,,,,,,,,,,,,,,,,,,
Building up,,,,,,,,,,,,,,,,,,,,,,,,
"As you earn production points, you can spend them on all your buildings or concentrate on a single building to increase its level. The higher level a building reaches, the more points it will produce each hour. Each building affects a different area of your development, but each level costs more to reach:",k,,,,,,,,,,,,,,,,,,,,,,,
Hydroponic Farm will increase your rate of population growth;,k,,,,,,,,,,,,,,,,,,,,,,,
Robotic Factory will increase your rate of production points;,k,,,,,,,,,,,,,,,,,,,,,,,
Galactic Cybernet will increase the rate of culture development;,k,,,,,,,,,,,,,,,,,,,,,,,
Research Lab will increase your rate of science development;,k,,,,,,,,,,,,,,,,,,,,,,,
Starbase will increase your level of planetary defenses.,k,,,,,,,,,,,,,,,,,,,,,,,
Read More: learn about the cost and value of levels in the Development Tables.,,,,,,,,,,,,,,,,,,,,,,,,
Using a race,,,,,,,,,,,,,,,,,,,,,,,,
"If you want to, you can make a race when you first log in to the game at the start of the round. Creating a race allows you to choose your strengths and weaknesses by taking bonuses or maluses in specific areas of your development.",k,,,,,,,,,,,,,,,,,,,,,,,
"You might choose to become a Trader or start with a level 12 Research Lab, or perhaps you wish to take a bonus in some area of your development. The areas you can choose are: Growth, Science, Culture, Production, Speed, Attack, Defense. Note: This is a very advanced feature intended for experienced players, as getting it wrong can spoil your game.",k,,,,,,,,,,,,,,,,,,,,,,,
Read More: learn about choosing a race by reading the Race article.,,,,,,,,,,,,,,,,,,,,,,,,
Expansion,,,,,,,,,,,,,,,,,,,,,,,,
"There are three ways of building up your empire, described below:",,,,,,,,,,,,,,,,,,,,,,,,
Pacifism,,,,,,,,,,,,,,,,,,,,,,,,
"This is the passive method, achieved by sending messages to all the players in your system offering them non-aggression pacts. You then only take over planets that are unclaimed (Free Planet), or have been abandoned (unknown), or that are owned by inactive players (still showing population level of 1 after a week of game play, or only 1 or 2 logins per day). The objective is to build an empire without antagonizing others as a means of self-preservation.",k,,,,,,,,,,,,,,,,,,,,,,,
Hostility,,,,,,,,,,,,,,,,,,,,,,,,
"This is the aggressive approach, by which you try to take over the planets of other players in your system as quickly as possible. As the strategy requires skill, timing and a good understanding of the races and attributes of others, it is not recommended for inexperienced or new players. The objective is to be aggressive, not seeking friends or alliances, caring only for the expansion of personal empire.",k,,,,,,,,,,,,,,,,,,,,,,,
Alliance,,,,,,,,,,,,,,,,,,,,,,,,
"The third and most popular method is a mixture of the first two. This is achieved by registering an alliance with *some* of the players around you, then taking over the ones who are weakest. The objective is to pursue the principle of survival of the fittest by working with those who are strong, to build an empire collectively.",k,,,,,,,,,,,,,,,,,,,,,,,
Diplomacy,,,,,,,,,,,,,,,,,,,,,,,,
"Diplomacy is the key to success in this game, and there are three types of basic diplomacy:",k,,,,,,,,,,,,,,,,,,,,,,,
Alliance,,,,,,,,,,,,,,,,,,,,,,,,
"Everything you do is for the alliance, if they are stronger it makes you stronger. You protect them, help out in need, just as the other members of your alliance do for you. To be able to win the round an alliance must have 5 or more members.","k, 3 members",,,,,,,,,,,,,,,,,,,,,,,
NAP,,,,,,,,,,,,,,,,,,,,,,,,
"With a NAP (Non Aggression Pact), you only mutually agree with other players and/or alliances not to destroy each other. Often it is a detailed written agreement, with sections covering the sharing of systems, how to end the NAP, relations with each other's friends and allies, aiding the enemies of the other NAP partners, etc.",k,,,,,,,,,,,,,,,,,,,,,,,
Coalition,,,,,,,,,,,,,,,,,,,,,,,,
"This falls between the other two. Coalition members exchange destroyers in friendly fire to increase Player Level, have a NAP, share information about battle plans, enemy races and locations, execute joint operations against common enemies.",k,,,,,,,,,,,,,,,,,,,,,,,
Research Lab,,,,,,,,,,,,,,,,,,,,,,,,
"Research Labs house state-of-the-art computer equipment, creating a superior research environment which increases your science output by one(1) each level.",k,,,,,,,,,,,,,,,,,,,,,,,
This increase in science output allows for greater levels of science to be reached in less time.,k,,,,,,,,,,,,,,,,,,,,,,,
A highly important building for the more scientific rulers.,k,,,,,,,,,,,,,,,,,,,,,,,
Galactic Cybernet,,,,,,,,,,,,,,,,,,,,,,,,
"Galactic Cybernets are important for interplanetary communications and management, and each new Galactic Cybernet will provide +1 Culture per hour.",k,,,,,,,,,,,,,,,,,,,,,,,
"Culture will increase faster with more Galactic Cybernets; therefore, your maximum number of planets will increase faster with more Galactic Cybernets, since you will be able to colonize sooner.",k,,,,,,,,,,,,,,,,,,,,,,,
Robotic Factory,,,,,,,,,,,,,,,,,,,,,,,,
Robotic factories increase the production output of a planet by one extra Production Point an hour per level.,k,,,,,,,,,,,,,,,,,,,,,,,
"Once level 20 is reached, it may appear Robotic Factories cannot be upgraded further, as ""N/A"" appears in the PP to next level column. This is not so, all buildings (Starbases included) are always upgradeable, due to the formula used to calculate the output levels ratio. ""N/A"" means it is more economical to upgrade using a Supply Unit than PPs.",k,,,,,,,,,,,,,,,,,,,,,,,
Notes,,,,,,,,,,,,,,,,,,,,,,,,
"As Supply Units cannot be used on Starbases the PP value will always be shown for these, regardless of the level you attain.",k,,,,,,,,,,,,,,,,,,,,,,,
Hydroponic Farm,,,,,,,,,,,,,,,,,,,,,,,,
A Hydroponic Farm works on each planet helping you to create more of a surplus of food. The greater the food output the faster your Population will grow (up to the Population Limit - see Social Science).,k,,,,,,,,,,,,,,,,,,,,,,,
"More Hydroponic Farms let you reap the benefits of a higher population sooner. Each Hydroponic Farm will give you +1 food per hour! The more Hydroponic Farms you have, the faster you get food so Population increases.",k,,,,,,,,,,,,,,,,,,,,,,,
Hydroponic Farm,,,,,,,,,,,,,,,,,,,,,,,,
A Hydroponic Farm works on each planet helping you to create more of a surplus of food. The greater the food output the faster your Population will grow (up to the Population Limit - see Social Science).,k,,,,,,,,,,,,,,,,,,,,,,,
"More Hydroponic Farms let you reap the benefits of a higher population sooner. Each Hydroponic Farm will give you +1 food per hour! The more Hydroponic Farms you have, the faster you get food so Population increases.",k,,,,,,,,,,,,,,,,,,,,,,,
Buildings,,,,,,,,,,,,,,,,,,,,,,,,
"There are five kinds of buildings, as described below. The development of a building will improve its level, which in turn increases the benefit it provides.",k,,,,,,,,,,,,,,,,,,,,,,,
"Hydroponic Farm - increases your population growth. Each level adds +1 to the population's rate of growth/hour (that rate is the + figure next to the word ""Population"" at the top of the Planets Screen);",k,,,,,,,,,,,,,,,,,,,,,,,
"Robotic Factory - increases production growth. Each level adds +1 to a planet's production/hour, which increases the rate at which a player gains points to spend;",k,,,,,,,,,,,,,,,,,,,,,,,
Galactic Cybernet - increases culture growth. Each level adds +1 to the rate/hour by which culture grows in the Science Screen. Culture level is the maximum number of planets a player can own at any one time;,k,,,,,,,,,,,,,,,,,,,,,,,
Research Lab - increases science growth. Each level adds +1 to the rate of science research/hour at the top of the Science Screen;,k,,,,,,,,,,,,,,,,,,,,,,,
"Starbase - increases the planet's static defence. Each level raises the defence value of the starbase, making it more difficult to destroy.",k,,,,,,,,,,,,,,,,,,,,,,,
Production Points needed to improve,k,,,,,,,,,,,,,,,,,,,,,,,
a building from one level to the next.,,,,,,,,,,,,,,,,,,,,,,,,
Building,Production,,Building,Production,,,,,,,,,,,,,,,,,,,,
Level,Points,,Level,Points,,,,,,,,,,,,,,,,,,,,
1,5,,16,2189,,,,,,,,,,,,,,,,,,,,
2,8,,1700%,3284,,,,,,,,,,,,,,,,,,,,
3,11,,18,4926,,,,,,,,,,,,,,,,,,,,
4,17,,1900%,738900%,,,,,,,,,,,,,,,,,,,,
5,25,,20,11084,,,,,,,,,,,,,,,,,,,,
6,38,,21,16626,,,,,,,,,,,,,,,,,,,,
7,57,,22,24939,,,,,,,,,,,,,,,,,,,,
8,85,,23,37409,,,,,,,,,,,,,,,,,,,,
9,128,,24,56114,,,,,,,,,,,,,,,,,,,,
10,192,,25,84171,,,,,,,,,,,,,,,,,,,,
11,288,,26,126256,,,,,,,,,,,,,,,,,,,,
12,432,,27,189384,,,,,,,,,,,,,,,,,,,,
13,649,,28,284076,,,,,,,,,,,,,,,,,,,,
14,973,,29,426113,,,,,,,,,,,,,,,,,,,,
15,1460,,30,639170,,,,,,,,,,,,,,,,,,,,
Artifact,,,,,,,,,,,,,,,,,,,,,,,,
"An artifact gives a bonus to a specific area of development on all your planets. Artifacts you own appear in the Trade Screen, where they can be enabled or disabled at any time. They can be bought or sold, and can be randomly found by defeating an unknown planet. You can only use one artifact at a time but may own as many as you wish. Each type is made available for purchase at each Player Level update in the order shown in the table.",k,,,,,,,,,,,,,,,,,,,,,,,
Player,Artifact,   Culture   ,Science,Growth,Production,,,,,,,,,,,,,,,,,,,
Level,,,(SP),,(PP),,,,,,,,,,,,,,,,,,,
1,Basalt Monolith 1,10%,-,-,-,,,,,,,,,,,,,,,,,,,
2,Astrolabe 1,-,10%,-,-,,,,,,,,,,,,,,,,,,,
3,Celestial Prism 1,-,-,10%,-,,,,,,,,,,,,,,,,,,,
4,Crystal Rod 1,10%,-,10%,-,,,,,,,,,,,,,,,,,,,
5,Charcoal Diamond 1,-,-,-,10%,,,,,,,,,,,,,,,,,,,
6,Memory Jar 1,-,10%,-,10%,,,,,,,,,,,,,,,,,,,
7,Heart of Rana 1,10%,10%,10%,10%,,,,,,,,,,,,,,,,,,,
8,Basalt Monolith 2,20%,-,-,-,,,,,,,,,,,,,,,,,,,
9,Astrolabe 2,-,20%,-,-,,,,,,,,,,,,,,,,,,,
...,...,...,...,...,...,,,,,,,,,,,,,,,,,,,
21,Heart of Rana 3,30%,30%,30%,30%,,,,,,,,,,,,,,,,,,,
Notes,,,,,,,,,,,,,,,,,,,,,,,,
"At Player Level 8, new Artifacts available will be '(Artifact) 2' and give a 20% bonus, instead of the 10% bonus for '(Artifact) 1'.",k,,,,,,,,,,,,,,,,,,,,,,,
"At Player Level 15, the new Artifacts will be ""(Artifact) 3"" and worth a bonus of 30%.",k,,,,,,,,,,,,,,,,,,,,,,,
"Once Player Level 21 is achieved, no new Artifacts are available for purchase.",k,,,,,,,,,,,,,,,,,,,,,,,
Fleet,,,,,,,,,,,,,,,,,,,,,,,,
"A fleet of ships can be used to attack an opponent’s planet, or defend your own. A fleet can be made up of five types of ships, they are: Colony Ship, Transport, Destroyer, Cruiser and Battleship.",k,,,,,,,,,,,,,,,,,,,,,,,
Each fleet has a Combat Value (CV) based on it’s Combined attack and defense properties: A fleet consisting of 10 Destroyers and 1 Battleship would have a CV equal to 90. A fleet consisting of 10 Cruisers would have a CV equal to 240. Refer to each ship's properties for a more detailed description.,k,,,,,,,,,,,,,,,,,,,,,,,
Notes,,,,,,,,,,,,,,,,,,,,,,,,
Colony Ships and Transports have a CV equal to Zero as they have no attack / defense properties.,"CS and TR have 0CV, but have 2DEF",,,,,,,,,,,,,,,,,,,,,,,
"When buying many ships at once, you might not see them in your Fleet Screen. This is because the rounding in the game may display a total which is slightly more than the actual figure (the game uses decimals to many places). If this happens, simply spend one more PP on the last ship you bought and this should take it to the next complete ship.",?,,,,,,,,,,,,,,,,,,,,,,,
"If your Player Level is higher than from your opponent and your fleet contains at least one of each warship types (Destroyer, Cruiser, Battleship), you get 1% to your attack/defense bonus for each level your PL is higher. E.g. if your level is 40 and you fight against a level 18, you would get 22% to attack/defense. ",k,,,,,,,,,,,,,,,,,,,,,,,
Culture,,,,,,,,,,,,,,,,,,,,,,,,
"Only a strong culture can keep your interstellar society together. In general, the maximum number of planets you can own is equal to your level of culture.",k,,,,,,,,,,,,,,,,,,,,,,,
The table shows the points needed to reach each new level of culture.,,,,,,,,,,,,,,,,,,,,,,,,
"The amount of culture points per hour can be increased through Artifacts, Trade Agreements, Referrals and building higher levels of Galactic Cybernets.",k,,,,,,,,,,,,,,,,,,,,,,,
You can receive a bonus to culture from Referrals.,,,,,,,,,,,,,,,,,,,,,,,,
,,,,,,,,,,,,,,,,,,,,,,,,
Level,Points,,Level,Points,,Level,Points,,,,,,,,,,,,,,,,,
1,0,,11,10382,,21,46507,,,,,,,,,,,,,,,,,
2,318,,12,12547,,22,52310,,,,,,,,,,,,,,,,,
3,765,,13,14979,,23,58616,,,,,,,,,,,,,,,,,
4,1315,,14,17697,,24,65456,,,,,,,,,,,,,,,,,
5,2084,,15,20721,,25,72863,,,,,,,,,,,,,,,,,
6,2985,,16,24071,,26,,,,,,,,,,,,,,,,,,
7,4059,,17,27768,,27,,,,,,,,,,,,,,,,,,
8,5320,,18,31835,,28,,,,,,,,,,,,,,,,,,
9,6785,,19,36298,,29,,,,,,,,,,,,,,,,,,
10,8467,,20,41179,,30,,,,,,,,,,,,,,,,,,
Social Science,,,,,,,,,,,,,,,,,,,,,,,,
"This science increases the Population Limit, which is the highest population level you can have on each planet. If your Hydroponic Farms are not increasing your population (shows +0), then you will need to research more Social Science to add an extra level to your population limit, thus allowing your population to grow again.",k,,,,,,,,,,,,,,,,,,,,,,,
"At the 00:00 CET Daily Update, if any of your planets have a population six or more levels below your Social Science Level, one will randomly gain Spontaneous Growth, when that planet’s Population will instantly be increased by one level.",k,,,,,,,,,,,,,,,,,,,,,,,
Social Level,Population Limit,,Social Level,Population Limit,,,,,,,,,,,,,,,,,,,,
0,5,,16,16,,,,,,,,,,,,,,,,,,,,
2,6,,17,17,,,,,,,,,,,,,,,,,,,,
4,7,,18,18,,,,,,,,,,,,,,,,,,,,
6,8,,19,19,,,,,,,,,,,,,,,,,,,,
8,9,,20,20,,,,,,,,,,,,,,,,,,,,
10,10,,21,21,,,,,,,,,,,,,,,,,,,,
11,11,,22,22,,,,,,,,,,,,,,,,,,,,
12,12,,23,23,,,,,,,,,,,,,,,,,,,,
13,13,,24,24,,,,,,,,,,,,,,,,,,,,
14,14,,25,25,,,,,,,,,,,,,,,,,,,,
15,15,,26,26,,,,,,,,,,,,,,,,,,,,
Physics,,,,,,,,,,,,,,,,,,,,,,,,
"Research into the field of Physics allows your engineers to get a better understanding of particles, projectiles and energy traits allowing them to design and upgrade the weapons for your ships. This means that with each level the chance to win a battle is increased.",k,,,,,,,,,,,,,,,,,,,,,,,
"Due to the link between the computers on board all your ships and those located in your Research Labs, all ships are upgraded automatically and instantaneously whether in flight or stationary the second the next level is reached by your researchers.",k,,,,,,,,,,,,,,,,,,,,,,,
Notes,,,,,,,,,,,,,,,,,,,,,,,,
"A Physics level six points higher than your opponent will give you a 25% bonus to attack against that player (25% increase in chance to win), this bonus is combined with any Race bonus already in effect.",k,,,,,,,,,,,,,,,,,,,,,,,
A Physics level of minimum 15 is required before you are able to build Battleships.,k,,,,,,,,,,,,,,,,,,,,,,,
Mathematics,,,,,,,,,,,,,,,,,,,,,,,,
"Multi-Criteria Optimization with millions of parameters, brings up a very effective combat modeling system which means that with a greater level of Mathematics, you should experience fewer losses in combat.",k,,,,,,,,,,,,,,,,,,,,,,,
"Due to the link between the computers on board all your ships and those in your Research Labs, all ships are upgraded automatically and instantaneously whether in flight or stationary the second the next level is reached by your researchers.",k,,,,,,,,,,,,,,,,,,,,,,,
Notes,,,,,,,,,,,,,,,,,,,,,,,,
"A Mathematics level of 12 is sufficient to let your people solve the sophisticated multi-dimensional hyperspace equations which are needed to slow down your ships to any Energy level of your choice, between level 1 and your maximum level.",k,,,,,,,,,,,,,,,,,,,,,,,
"A Mathematics level six points higher than that of an Attacking opponent will give you a 25% bonus towards defense (More Survivors), this bonus is added to any Race bonus you may have. The reverse is also true, if your Mathematics level is six points lower then your opponent you will have a –25% subtracted from your defense (Less Survivors). You also get a bonus (a malus) as much as you have a higher (a lower) level than your opponent, but it will be less than 25% and not mentioned in Battle Calculator, unless studying predicted battle results..",k,,,,,,,,,,,,,,,,,,,,,,,
A Mathematics level of minimum 15 is required before you are able to build Cruisers.,k,,,,,,,,,,,,,,,,,,,,,,,
Energy,,,,,,,,,,,,,,,,,,,,,,,,
"Increases the speed of your whole Fleet, so that travel time between planets and star systems is decreased.",k,,,,,,,,,,,,,,,,,,,,,,,
Energy Level Modifier,,,,,,,,,,,,,,,,,,,,,,,,
Energy Level 0 = 100% Travel Time,,,,,,,,,,,,,,,,,,,,,,,,
Energy,Travel,,Energy,Travel,,Energy,Travel,,,,,,,,,,,,,,,,,
Level,Time,,Level,Time,,Level,Time,,,,,,,,,,,,,,,,,
1,91.00%,,11,35.44%,,21,13.80%,,,,,,,,,,,,,,,,,
2,82.81%,,12,32.23%,,22,12.56%,,,,,,,,,,,,,,,,,
3,75.36%,,13,29.35%,,23,11.43%,,,,,,,,,,,,,,,,,
4,68.57%,,14,26.70%,,24,10.40%,,,,,,,,,,,,,,,,,
5,62.40%,,15,24.30%,,25,9.46%,,,,,,,,,,,,,,,,,
6,56.79%,,16,22.11%,,26,8.61%,,,,,,,,,,,,,,,,,
7,51.68%,,17,20.12%,,27,7.84%,,,,,,,,,,,,,,,,,
8,47.03%,,18,18.31%,,28,7.13%,,,,,,,,,,,,,,,,,
9,42.79%,,19,16.66%,,29,6.49%,,,,,,,,,,,,,,,,,
10,38.94%,,20,15.16%,,30,5.91%,,,,,,,,,,,,,,,,,
Notes,,,,,,,,,,,,,,,,,,,,,,,,
"The travel time at each level is 91% of the time for the previous level. It is expressed as a percentage of the time needed to make the same flight at energy level 0, so a flight at energy level 1 is 91% of 100% = 91%, and level 2 is 91% of 91% = 82.81%, etc. as shown in the table opposite.",k,,,,,,,,,,,,,,,,,,,,,,,
"Upgrades given by this science only apply at launch time, so fleets already in transit will not benefit until they land and launch again.",k,,,,,,,,,,,,,,,,,,,,,,,
"If, when you launch, the destination planet is controlled by you, or another player in the same alliance, the flight time is always halved.",k,,,,,,,,,,,,,,,,,,,,,,,
The Race attribute Speed also affects the travel time of your Fleet.,k,,,,,,,,,,,,,,,,,,,,,,,
Economy,,,,,,,,,,,,,,,,,,,,,,,,
"Increasing the Economy Level will reduce the construction costs of Destroyers, Cruisers and Battleships.",k,,,,,,,,,,,,,,,,,,,,,,,
Economy,Production Points,,,,,,,,,,,,,,,,,,,,,,,
Level,Destroyer,Cruiser,Battleship,,,,,,,,,,,,,,,,,,,,,
0,30,240,600,,,,,,,,,,,,,,,,,,,,,
4,29,232,580,,,,,,,,,,,,,,,,,,,,,
7,28,224,560,,,,,,,,,,,,,,,,,,,,,
10,27,216,540,,,,,,,,,,,,,,,,,,,,,
14,26,208,520,,,,,,,,,,,,,,,,,,,,,
17,25,200,500,,,,,,,,,,,,,,,,,,,,,
20,24,192,480,,,,,,,,,,,,,,,,,,,,,
24,23,184,460,,,,,,,,,,,,,,,,,,,,,
27,22,176,440,,,,,,,,,,,,,,,,,,,,,
30,21,168,420,,,,,,,,,,,,,,,,,,,,,
Notes,,,,,,,,,,,,,,,,,,,,,,,,
A Cruiser will always cost 8x that of a Destroyer and a Battleship will always cost 20x that of a Destroyer.,k,,,,,,,,,,,,,,,,,,,,,,,
There is an Economy Bonus of 5% available to the player who has the highest Economy science in the group of 50 that they joined with.,k,,,,,,,,,,,,,,,,,,,,,,,
Biology,,,,,,,,,,,,,,,,,,,,,,,,
"Biological Scanners and Autonomic Biosystems are the main fields of research. It increases your range of vision on the Map Screen, allowing you to see other neighboring systems, the planets present, their ownership, Population level and Starbase level.",k,,,,,,,,,,,,,,,,,,,,,,,
"With every level of Biology you are able to see an additional 'squares' distance on the map from your original star system. As your fleets can travel to any Star System you can see on the Map Screen, increasing your Biological Science increases the distances your fleets can travel.",k,,,,,,,,,,,,,,,,,,,,,,,
Autonomic Biosystems,,,,,,,,,,,,,,,,,,,,,,,,
"Once you reach level 25, you will have developed your Autonomic Biosystems far enough to send fleets to any location in the galaxy by using the System ID of the target system, instead of its name.",k,,,,,,,,,,,,,,,,,,,,,,,
Intelligence Reports,,,,,,,,,,,,,,,,,,,,,,,,
"If your Biology level is six or more levels higher than another player within your field of vision, and you can see their home system, you will be able to obtain an Intelligence Report on that player, revealing all Science levels attained by that player, as well as their Race information. This makes researching Biology a valuable expenditure of time, contributing to Reconnaissance.",k,,,,,,,,,,,,,,,,,,,,,,,
Biology Level,Range of Vision,,"this is different now, 1 bio 1 vision range",,,,,,,,,,,,,,,,,,,,,
2,1,,,,,,,,,,,,,,,,,,,,,,,
4,2,,,,,,,,,,,,,,,,,,,,,,,
6,3,,,,,,,,,,,,,,,,,,,,,,,
8,4,,,,,,,,,,,,,,,,,,,,,,,
10,5,,,,,,,,,,,,,,,,,,,,,,,
12,6,,,,,,,,,,,,,,,,,,,,,,,
14,7,,,,,,,,,,,,,,,,,,,,,,,
16,8,,,,,,,,,,,,,,,,,,,,,,,
18,9,,,,,,,,,,,,,,,,,,,,,,,
20,10,,,,,,,,,,,,,,,,,,,,,,,
...,...,,,,,,,,,,,,,,,,,,,,,,,
Science Fields,,,,,,,,,,,,,,,,,,,,,,,,
"There are six fields of science you can research; you must decide whether to focus on one field in particular, or try to achieve a balance in all the fields:",k,,,,,,,,,,,,,,,,,,,,,,,
Biology: expands the view of the star map and range of travel,k,,,,,,,,,,,,,,,,,,,,,,,
"Economy: reduces the cost of destroyers, cruisers and battleships",k,,,,,,,,,,,,,,,,,,,,,,,
Energy: increases speed which reduces fleet travel times,k,,,,,,,,,,,,,,,,,,,,,,,
Mathematics: increases the number of survivors after winning a battle,k,,,,,,,,,,,,,,,,,,,,,,,
Physics: increases the chances to win a battle,k,,,,,,,,,,,,,,,,,,,,,,,
Social: increases the maximum population that can exist on a planet,k,,,,,,,,,,,,,,,,,,,,,,,
Science Level,Points needed,,,,,,,,,,,,,,,,,,,,,,,
1,29,,,,,,,,,,,,,,,,,,,,,,,
2,74,,,,,,,,,,,,,,,,,,,,,,,
3,138,,,,,,,,,,,,,,,,,,,,,,,
4,221,,,,,,,,,,,,,,,,,,,,,,,
5,325,,,,,,,,,,,,,,,,,,,,,,,
6,451,,,,,,,,,,,,,,,,,,,,,,,
7,603,,,,,,,,,,,,,,,,,,,,,,,
8,780,,,,,,,,,,,,,,,,,,,,,,,
9,986,,,,,,,,,,,,,,,,,,,,,,,
10,1223,,,,,,,,,,,,,,,,,,,,,,,
11,1492,,,,,,,,,,,,,,,,,,,,,,,
12,1796,,,,,,,,,,,,,,,,,,,,,,,
13,2138,,,,,,,,,,,,,,,,,,,,,,,
14,2520,,,,,,,,,,,,,,,,,,,,,,,
15,2945,,,,,,,,,,,,,,,,,,,,,,,
16,3415,,,,,,,,,,,,,,,,,,,,,,,
17,3934,,,,,,,,,,,,,,,,,,,,,,,
...,...,,,,,,,,,,,,,,,,,,,,,,,
Notes,,,,,,,,,,,,,,,,,,,,,,,,
You can only use your research labs to research one field at a time. Some sciences incur an additional bonus once certain levels are reached. Read up on each science to find out what these are.,k,,,,,,,,,,,,,,,,,,,,,,,
Population,,,,,,,,,,,,,,,,,,,,,,,,
"For population to increase you need a certain amount of food to sustain the next level (see Hydroponic Farms), and must be advanced enough in the field of Social Science to accommodate the extra population.",k,,,,,,,,,,,,,,,,,,,,,,,
Every level of population will give you the following:,,Growth needed to reach the next level,,,,,,,,,,,,,,,,,,,,,,
+1 Production point per hour,k,Level,Growth,,Level,Growth,,Level,Growth,,,,,,,,,,,,,,,
+1 Science point per hour,k,1,0,,11,993,,21,3783,,,,,,,,,,,,,,,
"Additionally, a planet with a population of 10 or more gives 1% bonus to your Trade Agreement partners.",k,2,21,,12,1191,,22,4161,,,,,,,,,,,,,,,
Your planet's population may also undergo spontaneous growth if your Social Science is six levels above that of the planet's population.,k,3,57,,13,1407,,23,4557,,,,,,,,,,,,,,,
"Table example: to reach level 2 from level 1 requires 21 points, to reach level 3 from level 2 requires 57 points. So to develop from level 1 to level 3 requires 21 + 57 = 78 points. Population is never below level 1, even if attacked.",k,4,111,,14,1641,,24,4971,,,,,,,,,,,,,,,
,,5,183,,15,1893,,25,5403,,,,,,,,,,,,,,,
,,6,273,,16,2163,,26,5853,,,,,,,,,,,,,,,
,,7,381,,17,2451,,27,6321,,,,,,,,,,,,,,,
,,8,507,,18,2757,,28,6807,,,,,,,,,,,,,,,
,,9,651,,19,3081,,29,7311,,,,,,,,,,,,,,,
,,10,813,,20,3423,,30,...,,,,,,,,,,,,,,,
Notes,,,,,,,,,,,,,,,,,,,,,,,,
This is the determining factor of the order of your planets .,,,,,,,,,,,,,,,,,,,,,,,,
The first level of Population will also give you +1 food but subsequent levels of population attained will not affect food output.,"not true, you must build 1HF to start generating food",,,,,,,,,,,,,,,,,,,,,,,
Your population counts toward your score.,k,,,,,,,,,,,,,,,,,,,,,,,
"Higher population also helps with defence in the early game, as a player must spend 60 PP per level on transports to conquer your planet.",k,,,,,,,,,,,,,,,,,,,,,,,
A planet with a population of 10 or more gives 1% bonus to your Trade Agreement partners.,k,,,,,,,,,,,,,,,,,,,,,,,
Player Level,,,,,,,,,,,,,,,,,,,,,,,,
Every successful battle gives experience towards your player level. The amount depends on the Combat Value of the Fleet you killed.,k,,,,,,,,,,,,,,,,,,,,,,,
Experience,,,,,,,,,,,,,,,,,,,,,,,,
"If you only have a Starbase or less than 2 combat ships remaining after the fight, you only get 25% of the values shown in the table.",you must have at least 1SB and 1 ship to get full XP,,,,,,,,,,,,,,,,,,,,,,,
Ship Type,Exp gained,"this is not true anymore, XP gained varies by wining chance",,,,,,,,,,,,,,,,,,,,,,
Transport,0,,,,,,,,,,,,,,,,,,,,,,,
Colony Ship,0,,,,,,,,,,,,,,,,,,,,,,,
Destroyer,3,,,,,,,,,,,,,,,,,,,,,,,
Cruiser,24,,,,,,,,,,,,,,,,,,,,,,,
Battleship,60,,,,,,,,,,,,,,,,,,,,,,,
Starbase,Combat Value,,,,,,,,,,,,,,,,,,,,,,,
Description,,,,,,,,,,,,,,,,,,,,,,,,
A player’s level is displayed in whole numbers (Actual Level) and a percentage (% to next level).,k,,,,,,,,,,,,,,,,,,,,,,,
"Example: Player level 9 – 62% would mean the player is 62% of the way to player level 10. Be careful, the formula is not linear, but exponential. You have actually less experience points (XP) than the XP for PL9 + 62% of the XP for PL10. You can find your real number of experience points using a tool, or the following formula :",k,,,,,,,,,,,,,,,,,,,,,,,
"XP = 5 x (pl)^2,7 - 5 x (pl-1)^2,7; with a decimal value for PL (9.62 in the example)",? cant confirm,,,,,,,,,,,,,,,,,,,,,,,
The PL value shown in the profile is always rounded down. (1.999 is shown as 1-99%).,k,,,,,,,,,,,,,,,,,,,,,,,
"Player level is also used to calculate your score, where each of your Player Levels is one sum part of the ranking score.",k,,,,,,,,,,,,,,,,,,,,,,,
Growth,,,,,,,,,,,,,,,,,,,,,,,,
"Your Player Level increases each day by a specific value based on your Race. This percentage increase is not the same as the Player level shown in the player profile, this is a daily increase based on the player’s current player level.",k,,,,,,,,,,,,,,,,,,,,,,,
Example 1: Player Level 20 - 0%,,Example 2: Player level 10 – 0%,,,,,,,,,,,,,,,,,,,,,,
Day 1 (20*1.012) = 20.24,,Day 1 (10*1.012) = 10.12,,,,,,,,,,,,,,,,,,,,,,
Day 2 (20.24*1.012) = 20.48288,,Day 2 (10.12*1.012) = 10.24144,,,,,,,,,,,,,,,,,,,,,,
Day 3 (20.48288*1.012) = 20.72867456,,Day 3 (10.24144*1.012) = 10.36433728,,,,,,,,,,,,,,,,,,,,,,
Day 4 (20.72867456*1.012) = 20.97741865472,,Day 4 (10.36433728 *1.012) = 10.48870932736,,,,,,,,,,,,,,,,,,,,,,
- until -,,"- and so on, until -",,,,,,,,,,,,,,,,,,,,,,
Day 5 = 21.22914767857664,,Day 8 = 11.00130233538486636445696,,,,,,,,,,,,,,,,,,,,,,
"It is obvious from these examples, that higher player levels gain more experience points per day.",,,,,,,,,,,,,,,,,,,,,,,,
Level Table,,,,,,,,,,,,,,,,,,,,,,,,
"One Supply Unit (SU) is awarded for each new level gained, which you can spend on buildings in the Planets Screen or sell in the Trade Screen. You may also store SUs up to a maximum equal to your player level (so at Player Level 0 you cannot hold any SUs, at Player Level 1 you can hold only 1 SU, at Player Level 7 you can hold up to 7 SUs in total, etc).",k,,,,,,,,,,,,,,,,,,,,,,,
Player Level,Exp needed to gain this Level,Cumulative Exp from Level 0,,,,,,,,,,,,,,,,,,,,,,
1,5,5,,,,,,,,,,,,,,,,,,,,,,
2,27,32,,,,,,,,,,,,,,,,,,,,,,
3,65,97,,,,,,,,,,,,,,,,,,,,,,
4,114,211,,,,,,,,,,,,,,,,,,,,,,
5,175,386,,,,,,,,,,,,,,,,,,,,,,
6,245,631,,,,,,,,,,,,,,,,,,,,,,
7,326,957,,,,,,,,,,,,,,,,,,,,,,
8,415,1372,,,,,,,,,,,,,,,,,,,,,,
9,513,1885,,,,,,,,,,,,,,,,,,,,,,
10,621,2506,,,,,,,,,,,,,,,,,,,,,,
11,735,3241,,,,,,,,,,,,,,,,,,,,,,
12,859,4100,,,,,,,,,,,,,,,,,,,,,,
13,989,5089,,,,,,,,,,,,,,,,,,,,,,
14,1127,6216,,,,,,,,,,,,,,,,,,,,,,
15,1273,7489,,,,,,,,,,,,,,,,,,,,,,
16,1425,8914,,,,,,,,,,,,,,,,,,,,,,
17,1586,10500,,,,,,,,,,,,,,,,,,,,,,
18,1752,12252,,,,,,,,,,,,,,,,,,,,,,
19,1926,14178,,,,,,,,,,,,,,,,,,,,,,
20,2106,16284,,,,,,,,,,,,,,,,,,,,,,
21,2292,18576,,,,,,,,,,,,,,,,,,,,,,
22,2487,21063,,,,,,,,,,,,,,,,,,,,,,
23,2685,23748,,,,,,,,,,,,,,,,,,,,,,
24,2892,26640,,,,,,,,,,,,,,,,,,,,,,
25,3105,29745,,,,,,,,,,,,,,,,,,,,,,
26,3322,33067,,,,,,,,,,,,,,,,,,,,,,
27,3547,36614,,,,,,,,,,,,,,,,,,,,,,
28,3778,40392,,,,,,,,,,,,,,,,,,,,,,
29,4014,44406,,,,,,,,,,,,,,,,,,,,,,
30,4257,48663,,,,,,,,,,,,,,,,,,,,,,
Notes,,,,,,,,,,,,,,,,,,,,,,,,
"1. A player's level is visible in his profile by accessing the Map Screen and selecting the system then the player's name. Alternatively, clicking on an opponent's name in a battle alert on your News Screen will display it for you. Also if you have a sieged planet, clicking on the red warning bar at the bottom of the Planets Screen will take you to his profile.",k,,,,,,,,,,,,,,,,,,,,,,,
"2. In battle, if a player uses a fleet of all three war ship types (at least one Destroyer + one Cruiser + one Battleship) he will gain a 1% bonus to his attack and defence for each player level he has above his opponent.",k,,,,,,,,,,,,,,,,,,,,,,,
Development Tables,,,,,,,,,,,,,,,,,,,,,,,,
All development tables,,,,,,,,,,,,,,,,,,,,,,,,
"On this page you will find all relevant development tables. Starting from Player level, Population, Buildings, Science, Culture and many more.",k,,,,,,,,,,,,,,,,,,,,,,,
Development,,,,,,,,,,,,,,,,,,,,,,,,
These show the non-cumulative points needed to reach that level from the previous one. See notes on how to use them.,,,,,,,,,,,,,,,,,,,,,,,,
Player Level,,,,,Population,,,,,Building/Starbase,,,,,Science,,,,,Culture,,,,
Lvl,Exp,,Lvl,Exp,Lvl,Growth,,Lvl,Growth,Lvl,PP,,Lvl,PP,Lvl,SP,,Lvl,SP,Lvl,Points,,Lvl,Points
1,5,,16,1425,1,0,,16,2163,1,5,,16,2189,1,29,,16,3415,1,0,,16,24071
2,27,,17,1586,2,21,,17,2451,2,8,,17,3284,2,74,,17,3934,2,318,,17,27768
3,65,,18,1752,3,57,,18,2757,3,11,,18,4926,3,138,,18,4505,3,765,,18,31835
4,114,,19,1926,4,111,,19,3081,4,17,,19,7389,4,221,,19,5131,4,1315,,19,36298
5,175,,20,2106,5,183,,20,3423,5,25,,20,11084,5,325,,20,5816,5,2084,,20,41179
6,245,,21,2292,6,273,,21,3783,6,38,,21,16626,6,451,,21,6563,6,2985,,21,46507
7,326,,22,2487,7,381,,22,4161,7,57,,22,24939,7,603,,22,7377,7,4059,,22,52310
8,415,,23,2685,8,507,,23,4557,8,85,,23,37409,8,780,,23,8261,8,5320,,23,58616
9,513,,24,2892,9,651,,24,4971,9,128,,24,56114,9,986,,24,9221,9,6785,,24,65456
10,621,,25,3105,10,813,,25,5403,10,192,,25,84171,10,1223,,25,10260,10,8467,,25,72863
11,735,,26,3322,11,993,,26,5853,11,288,,26,126256,11,1492,,26,11382,11,10382,,26,
12,859,,27,3547,12,1191,,27,6321,12,432,,27,189384,12,1796,,27,12595,12,12547,,27,
13,989,,28,3778,13,1407,,28,6807,13,649,,28,284076,13,2138,,28,13901,13,14979,,28,
14,1127,,29,4014,14,1641,,29,7311,14,973,,29,426113,14,2520,,29,15400,14,17697,,29,
15,1273,,30,4257,15,1893,,30,,15,1460,,30,639170,15,2945,,30,16715,15,20721,,30,
Combat,,,,,,,,,,,,,,,,,,,,,,,,
"These show defence values of starbases; the cost of building warships at each Economy level; the time needed to make a flight at each Energy level, shown as a percentage of the time needed for the same flight at Energy level 0. See notes below.",,,,,,,,,,,,,,,,,,,,,,,,
Starbase (defence values),,,,,,,,Fleet (cost per ship),,,,Energy (level 0 = 100%),,,,,,,,,,,,
Lvl,Defence,,Lvl,Defence,,Lvl,Defence,Eco.,Destroyer,Cruiser,Battleship,Lvl,Time,,Lvl,Time,,Lvl,Time,,,,,
1,2,,11,342,,21,19948,0,30,240,600,1,91.00%,,11,35.44%,,21,13.80%,,,,,
2,5,,12,515,,22,29923,4,29,232,580,2,82.81%,,12,32.23%,,22,12.56%,,,,,
3,10,,13,774,,23,44887,7,28,224,560,3,75.36%,,13,29.35%,,23,11.43%,,,,,
4,16,,14,1164,,24,67332,10,27,216,540,4,68.57%,,14,26.70%,,24,10.40%,,,,,
5,26,,15,1748,,25,101001,14,26,208,520,5,62.40%,,15,24.30%,,25,9.46%,,,,,
6,42,,16,2623,,26,151503,17,25,200,500,6,56.79%,,16,22.11%,,26,8.61%,,,,,
7,64,,17,3937,,27,227257,20,24,192,480,7,51.68%,,17,20.12%,,27,7.84%,,,,,
8,99,,18,5908,,28,340887,24,23,184,460,8,47.03%,,18,18.31%,,28,7.13%,,,,,
9,150,,19,8863,,29,511332,27,22,176,440,9,42.79%,,19,16.66%,,29,6.49%,,,,,
10,227,,20,13297,,30,767000,30,21,168,420,10,38.94%,,20,15.16%,,30,5.91%,,,,,
Artifacts,,,,,,,,,,,,,,,,,,,,,,,,
Artifacts become available as a new Player Level is reached; bonuses affect different areas of development. See notes below.,,,,,,,,,,,,,,,,,,,,,,,,
Artifacts (new artifacts are only added up to Player Level 21),,,,,,,,,,,,,,,,,,,,,,,,
Player,Artifact,,Player,Artifact,,Player,Artifact,,Bonus Awarded,,,,,,,,,,,,,,,
Level,(10% bonus),,Level,(20% bonus),,Level,(30% bonus),,,,,,,,,,,,,,,,,
1,Basalt Monolith 1,,8,Basalt Monolith 2,,15,Basalt Monolith 3,,Culture,,,,,,,,,,,,,,,
2,Astrolabe 1,,9,Astrolabe 2,,16,Astrolabe 3,,Science,,,,,,,,,,,,,,,
3,Celestial Prism 1,,10,Celestial Prism 2,,17,Celestial Prism 3,,Population,,,,,,,,,,,,,,,
4,Crystal Rod 1,,11,Crystal Rod 2,,18,Crystal Rod 3,,"Culture, Population",,,,,,,,,,,,,,,
5,Charcoal Diamond 1,,12,Charcoal Diamond 2,,19,Charcoal Diamond 3,,Production,,,,,,,,,,,,,,,
6,Memory Jar 1,,13,Memory Jar 2,,20,Memory Jar 3,,"Science, Production",,,,,,,,,,,,,,,
7,Heart of Rana 1,,14,Heart of Rana 2,,21,Heart of Rana 3,,"Culture, Population,",,,,,,,,,,,,,,,
,,,,,,,,,"Science, Production",,,,,,,,,,,,,,,
Notes,,,,,,,,,,,,,,,,,,,,,,,,
The values shown in the tables above and those displayed in the game screens are rounded. In the game database they are more precise. This means there may be a small difference between what is given in these tables and the actual amount used or required in the game.,k,,,,,,,,,,,,,,,,,,,,,,,
"Development - the points shown against each level, are those needed to achieve that level from the level immediately preceding it, and are non-cumulative. Example: in Player Level, to reach level 1 from level 0 requires 5 points, to reach level 2 from level 1 needs 27 points, etc. So to develop from level 0 to level 2 would be 5 + 27 = 32 points.",k,,,,,,,,,,,,,,,,,,,,,,,
"Combat (Energy) - the reduction at each level is calculated as 9% of the value for the previous level, and expressed as a percentage of the time needed to make the same flight at energy level 0. Example: a flight at energy level 1 requires 91% of the time at level 0 (100% - 9%), at level 2 it requires 82.81% of the time at level 0 (91% - 9%), etc.",k,,,,,,,,,,,,,,,,,,,,,,,
"Artifacts - each new Player Level adds the next artifact to a cumulative list, and they can be bought or sold in any combination or quantity. Only one artifact at a time can be activated to give a bonus, and this is selected using the Artifact link at the bottom of the Trade Screen.",k,,,,,,,,,,,,,,,,,,,,,,,
Colony Ship,,,,,,,,,,,,,,,,,,,,,,,,
Ship for colonizing new worlds,k,,,,,,,,,,,,,,,,,,,,,,,
The Colony Ship is the basis for expanding empires. Ships of this type contain everything for colonizing new worlds.,k,,,,,,,,,,,,,,,,,,,,,,,
"A new world is shown in the Map Screen as a Free Planet, and has no owner until a Colony Ship arrives from a player with a high enough Culture level to take control over it.",k,,,,,,,,,,,,,,,,,,,,,,,
"Colony Ships also have a second function - to transport Production Points between planets you already own. To do this, launch a Colony Ship to the target planet (or the free planet to be conquered), when there are 2 Colony Ships present (minimum), they will disband to give 15 PP each.","need 3 colos, 1 for colonizing, 2 for disband",,,,,,,,,,,,,,,,,,,,,,,
"Colony ships only disband if there is at least 1 colony ship in the incoming Fleet. So if you already have 1 colony ship on a planet then send 1 Destroyer and 1 colony ship to the planet, the colony ships will be disbanded, but if you build 2 colony ships on a planet then send a fleet with no colony ships, the colony ships on the planet will not disband.",k,,,,,,,,,,,,,,,,,,,,,,,
Notes,,,,,,,,,,,,,,,,,,,,,,,,
You can only have a maximum of 5 fleets in transit at any given time.,k,,,,,,,,,,,,,,,,,,,,,,,
"All free planets have 0 Population, and 0 buildings present hence when the colony ship arrives the population will be set to 1 by the Colony ship and therefore its original output will be +1pp/hour.",k,,,,,,,,,,,,,,,,,,,,,,,
"Colonizing a ""free planet"" costs 1 Colony Ship",k,,,,,,,,,,,,,,,,,,,,,,,
"When using Colony Ships to transport Production Points to a planet you already own, or to a Free Planet you intend to conquer, only 2 colony ships are required if you already own the planet, but you MUST send a minimum of 3 Colony Ships to the Free Planet to get 30 PP. 1 is used in taking the free planet and then a minimum of 2 more colony ships are needed to attain pp giving 15 pp. Therefore in the above example 30 pp would be deposited on the newly colonised planet)",k,,,,,,,,,,,,,,,,,,,,,,,
You may send as many Colony Ships as you like but when they land on the planet they will immediately deconstruct in pairs (ie. if 1 colony ship arrives on a planet and another arrives later they will deconstruct on the second ships arrival) or the multiples that they were sent in (ie. if you send 3 to a planet under your control you will receive 45 pps there).,k,,,,,,,,,,,,,,,,,,,,,,,
Colony Ships have a Combat Value of 0. But they take part in active combat. If they are sent with a fleet of combat ships they will experience battle damage and a few may be lost along with other ships. It is a commanders decision whether to send them with a main fleet or take another fleet launch spot and send the colony ships later,k,,,,,,,,,,,,,,,,,,,,,,,
Transport,,,,,,,,,,,,,,,,,,,,,,,,
Ship for invading other planets,k,,,,,,,,,,,,,,,,,,,,,,,
"An essential ship for all galactic domination types, the Transport will allow you planetary invasion.",k,,,,,,,,,,,,,,,,,,,,,,,
"Trained to kill the Population while saving the Buildings, each Transport decreases the Population Level by one and consequently burns all excess food (so to grow another level in population, the planet's owner will need to rebuild his/her food reserves with Hydroponic Farms).","not true anymore, popkilling kills buildings by the amount ot used Transport price, look at next cell",,,,,,,,,,,,,,,,,,,,,,,
However all buildings will receive some damage in an assault. However all buildings will receive some damage in an assault. The damage a building can receive ranges from 48 - 72 spent production points per killed Population.,k,,,,,,,,,,,,,,,,,,,,,,,
"If the population is reduced to zero, the planet will be conquered and given to the aggressor, provided they have a high enough level of Culture. If the culture level is not high enough, the population will be returned to 1.",k,,,,,,,,,,,,,,,,,,,,,,,
"Each Transport can only be used once. Therefore, to conquer someone else's planet, you will need a minimum of 1 Transport per Population Level.",k,,,,,,,,,,,,,,,,,,,,,,,
Notes,,,,,,,,,,,,,,,,,,,,,,,,
1. A maximum of 5 fleets can be in transit at any time.,k,,,,,,,,,,,,,,,,,,,,,,,
"2. If a target planet has no defending fleet or Starbase, even unescorted Transports can take it over.",k,,,,,,,,,,,,,,,,,,,,,,,
"3. Transports in a fleet get damaged, so you should send them in a second wave.",k,,,,,,,,,,,,,,,,,,,,,,,
"4. Transports on a planet not under your control will try to capture it again, when any other Transport arrives.",? cant confirm,,,,,,,,,,,,,,,,,,,,,,,
Battleship,,,,,,,,,,,,,,,,,,,,,,,,
Fullsized Attack Command Ship,k,,,,,,,,,,,,,,,,,,,,,,,
An effective all round feared flag ship for many fleets. Battleships have more guns than armor but it's sheer size gives the overall ship a good chance to survive.,k,,,,,,,,,,,,,,,,,,,,,,,
The cost of a Battleship is equal to 20x that of a Destroyer and its overall Combat Value (CV) is also equal to 20x that of a Destroyer.,k,,,,,,,,,,,,,,,,,,,,,,,
Notes,,,,,,,,,,,,,,,,,,,,,,,,
A Physics level of minimum 15 is required before you are able to build Battleships.,k,,,,,,,,,,,,,,,,,,,,,,,
You can only have a maximum of 5 fleets in transit at any given time.,k,,,,,,,,,,,,,,,,,,,,,,,
You can calculate your chances to win with the Battle Calculator,k,,,,,,,,,,,,,,,,,,,,,,,
Starbase,,,,,,,,,,,,,,,,,,,,,,,,
Protecting your planet,,,,,,,,,,,,,,,,,,,,,,,,
"Starbases (SB) are the backbone of a planets defense system, providing a high level of defense at a low cost, and have the advantage of being doubled when present in Combat Value Battle Predictions. In the best case scenario the starbase's maximum damage is twice its listed Defense Value.",k,,,,,,,,,,,,,,,,,,,,,,,
"Starbases are a static defence and provide a deterrent to incoming fleets as others can see the Starbase level for each planet. However, the higher the star base level, the more attention it may draw, as they are worth a lot of experience points.",k,,,,,,,,,,,,,,,,,,,,,,,
"Experienced players avoid building starbases unless necessary, relying on mobile fleet where possible.",k,,,,,,,,,,,,,,,,,,,,,,,
The Production Point to Defense Value ratio is 2.5:1 (Sometimes doubled in Combat Value Battle Predictions).,"? I dont know this, its different now",,,,,,,,,,,,,,,,,,,,,,,
Starbase Defense Values,,,,,,,,,,,,,,,,,,,,,,,,
Level,Defence,Level,Defence,Level,Defence,,,,,,,,,,,,,,,,,,,
1,2,11,342,21,19948,,,,,,,,,,,,,,,,,,,
2,5,12,515,22,29923,,,,,,,,,,,,,,,,,,,
3,10,13,774,23,44887,,,,,,,,,,,,,,,,,,,
4,16,14,1164,24,67332,,,,,,,,,,,,,,,,,,,
5,26,15,1748,25,101001,,,,,,,,,,,,,,,,,,,
6,42,16,2623,26,151503,,,,,,,,,,,,,,,,,,,
7,64,17,3937,27,227257,,,,,,,,,,,,,,,,,,,
8,99,18,5908,28,340887,,,,,,,,,,,,,,,,,,,
9,150,19,8863,29,511332,,,,,,,,,,,,,,,,,,,
10,227,20,13297,30,767000,,,,,,,,,,,,,,,,,,,
Notes,,,,,,,,,,,,,,,,,,,,,,,,
"Once built, a Starbase will automatically repair/increase itself (this happens even on incoming fleets and is unaffected by the production race modifier). The rate is its (level/5)pp/h (ie: sb 1 => 0.2 pp/h sb 5 => 1.0 pp/h sb 9 => 1.8 pp/h)",k,,,,,,,,,,,,,,,,,,,,,,,
Ship Types Overview,,,,,,,,,,,,,,,,,,,,,,,,
Overview of Ship Types,,,,,,,,,,,,,,,,,,,,,,,,
"A fleet of ships can be used to attack or conquer an opponent’s planet, defend your own, or to colonize new worlds.",k,,,,,,,,,,,,,,,,,,,,,,,
,,,,,,,,,,,,,,,,,,,,,,,,
Each fleet has a Combat Value (CV) based on it’s Combined attack and defense properties: A fleet consisting of 10 Destroyers and 1 Battleship would have a CV equal to 90. A fleet consisting of 10 Cruisers would have a CV equal to 240. Refer to each ship's properties for a more detailed description.,k,,,,,,,,,,,,,,,,,,,,,,,
Colony Ships and Transports have a CV equal to Zero as they have no attack / defense properties.,"k, but TR and CS have 2DEF",,,,,,,,,,,,,,,,,,,,,,,
A fleet can be made up of five types of ships.,k,,,,,,,,,,,,,,,,,,,,,,,
There are: ,,,,,,,,,,,,,,,,,,,,,,,,
Colony Ship ,,,,,,,,,,,,,,,,,,,,,,,,
Transport ,,,,,,,,,,,,,,,,,,,,,,,,
Warships:,,,,,,,,,,,,,,,,,,,,,,,,
Destroyer,,,,,,,,,,,,,,,,,,,,,,,,
Cruiser ,,,,,,,,,,,,,,,,,,,,,,,,
Battleship,,,,,,,,,,,,,,,,,,,,,,,,
Destroyer,,,,,,,,,,,,,,,,,,,,,,,,
Standard Fighting Ship,,,,,,,,,,,,,,,,,,,,,,,,
"Destroyers are the cheapest and smallest class of fighting ship. Building them requires no prerequisite, so they would be your only fighters in your fleet, before cruisers and battleships are available.",k,,,,,,,,,,,,,,,,,,,,,,,
"The destroyer holds a relatively small amount of armor, meaning that it is easily destroyed, however at the same time, its relative amount of weaponry makes this a good ship for maximizing victorious battles.",k,,,,,,,,,,,,,,,,,,,,,,,
Their cost makes them an excellent ship for starting fleets as they are not so much of an investment as some of the bigger ships such as the battleship.,k,,,,,,,,,,,,,,,,,,,,,,,
You can only have a maximum of 5 fleets in transit at any given time. You can calculate your chances to win using the Battle Calculator,k,,,,,,,,,,,,,,,,,,,,,,,
Cruiser,,,,,,,,,,,,,,,,,,,,,,,,
Military Combat Squad Leader and Intel Ship,,,,,,,,,,,,,,,,,,,,,,,,
Better than a Destroyer but not as good as a Battleship. Cruisers are more likely to survive a battle due to their high proportion of defense - this makes them effective at minimizing the overall losses in your fleets (due to CV calculations).,k,,,,,,,,,,,,,,,,,,,,,,,
A Cruiser costs 8x that of a Destroyer and its Combat Value is also equal to 8x that of a Destroyer.,k,,,,,,,,,,,,,,,,,,,,,,,
Notes,,,,,,,,,,,,,,,,,,,,,,,,
1. A Mathematics level of minimum 15 is required before you are able to build Cruisers.,k,,,,,,,,,,,,,,,,,,,,,,,
2. You can only have a maximum of 5 fleets in transit at any given time.,k,,,,,,,,,,,,,,,,,,,,,,,
3. You can calculate your chances to win with the Battle Calculator,k,,,,,,,,,,,,,,,,,,,,,,,
Battleship,,,,,,,,,,,,,,,,,,,,,,,,
sdl - where's the battleship equivalent?,,,,,,,,,,,,,,,,,,,,,,,,